,chr_0,chr_1,chr_2,chr_3,chr_4,chr_5,chr_6,chr_7,chr_8,chr_9,chr_10,chr_11,chr_12,chr_13,chr_14,chr_15,chr_16,chr_17,chr_18,chr_19
ccc,4672.0,5097.0,5122.0,5553.0,5671.0,5782.0,6163.0,7999.0,8996.0,9205.0,9167.0,9294.0,9600.0,9462.0,9938.0,9918.0,13764.0,14341.0,14177.0,17502.0
cca,6770.0,7147.0,7797.0,8366.0,8396.0,8886.0,9480.0,11775.0,12961.0,13319.0,13889.0,13656.0,13836.0,13755.0,14456.0,14595.0,19896.0,20663.0,20758.0,26057.0
cat,6780.0,7205.0,7775.0,8401.0,8303.0,8708.0,9224.0,11717.0,12420.0,13037.0,13546.0,13451.0,13777.0,12861.0,14204.0,14258.0,19371.0,19601.0,20050.0,25642.0
att,4556.0,4600.0,5094.0,5361.0,5732.0,5763.0,5832.0,7827.0,7874.0,8594.0,9167.0,8826.0,8975.0,7922.0,9138.0,9179.0,12291.0,11979.0,12809.0,16617.0
ttt,6623.0,6728.0,7757.0,7794.0,8608.0,8538.0,8670.0,11497.0,11976.0,13226.0,13307.0,13191.0,13708.0,12085.0,13937.0,14028.0,18843.0,17892.0,19552.0,24864.0
ttc,8154.0,8477.0,9419.0,9845.0,10226.0,10438.0,10825.0,14045.0,15116.0,16103.0,16328.0,16241.0,16819.0,15529.0,17227.0,17342.0,23368.0,23033.0,24443.0,31323.0
tcc,6766.0,7359.0,7912.0,8153.0,8566.0,8689.0,9216.0,11935.0,13134.0,13544.0,13851.0,14042.0,14363.0,13673.0,14673.0,14734.0,20200.0,20601.0,20819.0,26513.0
ata,3794.0,4226.0,4725.0,4919.0,4867.0,5283.0,5463.0,6959.0,7052.0,7442.0,8027.0,7685.0,7989.0,7449.0,8095.0,8014.0,11032.0,11004.0,11556.0,14778.0
tat,3916.0,4175.0,4602.0,4900.0,4963.0,5152.0,5339.0,6995.0,6918.0,7604.0,8038.0,7895.0,8131.0,7274.0,8183.0,8092.0,10769.0,11068.0,11516.0,14623.0
atc,6579.0,7129.0,7708.0,8185.0,8369.0,8514.0,8961.0,11638.0,12305.0,12837.0,13398.0,13574.0,13620.0,12871.0,14074.0,14306.0,19240.0,19441.0,19979.0,25427.0
cct,5370.0,6031.0,6337.0,6434.0,6801.0,6799.0,7365.0,9445.0,10509.0,10901.0,10891.0,11179.0,11293.0,10899.0,11790.0,11853.0,15866.0,16196.0,16671.0,20697.0
ctt,6197.0,6636.0,7227.0,7456.0,7717.0,8007.0,8259.0,10606.0,11283.0,12382.0,12256.0,12474.0,12908.0,12063.0,13193.0,13244.0,17781.0,17644.0,18446.0,23831.0
tca,6073.0,6617.0,7293.0,7679.0,7604.0,8085.0,8463.0,10753.0,11575.0,12175.0,12654.0,12674.0,12736.0,12071.0,13235.0,13291.0,17686.0,17859.0,18810.0,23665.0
caa,6477.0,7067.0,7652.0,8223.0,8381.0,8590.0,9162.0,11595.0,12226.0,12787.0,13780.0,13448.0,13358.0,12916.0,14144.0,14274.0,18738.0,19593.0,20056.0,25288.0
aac,6146.0,6954.0,7294.0,7830.0,7987.0,8261.0,8801.0,10944.0,12022.0,12228.0,12940.0,12790.0,12952.0,12216.0,13617.0,13905.0,18348.0,19146.0,19335.0,24464.0
act,4938.0,5385.0,5629.0,6071.0,6173.0,6271.0,6670.0,8623.0,9403.0,9593.0,10060.0,10114.0,10083.0,9930.0,10404.0,10672.0,14159.0,14506.0,14800.0,19015.0
ctc,7832.0,8386.0,8885.0,9059.0,9562.0,9662.0,10619.0,13315.0,15049.0,15488.0,15818.0,16038.0,16031.0,15617.0,16807.0,17040.0,22623.0,22871.0,23431.0,29718.0
cta,3252.0,3386.0,3527.0,3792.0,3999.0,3895.0,4225.0,5394.0,5475.0,6033.0,6420.0,6204.0,6306.0,5784.0,6565.0,6441.0,8491.0,8844.0,9222.0,11432.0
tac,4685.0,4895.0,5386.0,5623.0,5686.0,5859.0,6403.0,8096.0,8679.0,9105.0,9426.0,9160.0,9532.0,8970.0,9599.0,9747.0,13011.0,13459.0,13793.0,17504.0
aca,5939.0,6374.0,6917.0,7581.0,7513.0,7650.0,8218.0,10018.0,11373.0,11399.0,12189.0,11798.0,11951.0,11548.0,12437.0,12643.0,16809.0,17650.0,17628.0,22498.0
aag,5920.0,6760.0,7138.0,7726.0,7829.0,7971.0,8521.0,10916.0,11647.0,12178.0,12781.0,12426.0,12397.0,12222.0,13211.0,13320.0,17514.0,17772.0,18344.0,23682.0
agt,4911.0,5303.0,5705.0,6146.0,6193.0,6265.0,6753.0,8631.0,9257.0,9653.0,9849.0,9879.0,10021.0,9856.0,10532.0,10701.0,13990.0,14336.0,14674.0,18749.0
gtc,6619.0,7234.0,7565.0,7934.0,8167.0,8338.0,9325.0,11552.0,12810.0,13489.0,13219.0,13469.0,13651.0,13638.0,14029.0,14018.0,19352.0,20095.0,20312.0,25472.0
tcg,9788.0,10551.0,10988.0,11554.0,12028.0,12084.0,13606.0,16901.0,19031.0,19639.0,19372.0,19870.0,20020.0,19900.0,20756.0,21201.0,28650.0,29287.0,29739.0,38062.0
cgc,11153.0,12102.0,11983.0,13347.0,13814.0,13692.0,15652.0,19596.0,23121.0,23059.0,22156.0,23051.0,23086.0,24717.0,24002.0,24418.0,34049.0,35235.0,35015.0,44089.0
gcg,11034.0,11982.0,11944.0,13320.0,14141.0,13606.0,15733.0,19784.0,23140.0,23345.0,22310.0,23096.0,22987.0,24726.0,23930.0,24004.0,34664.0,34437.0,34979.0,43515.0
cga,9555.0,10512.0,11127.0,11625.0,12167.0,12196.0,13728.0,17095.0,18828.0,19482.0,19498.0,20126.0,20130.0,19772.0,20850.0,21211.0,29178.0,29346.0,29744.0,37899.0
gat,6521.0,7036.0,7680.0,8126.0,8399.0,8597.0,9014.0,11921.0,12458.0,12875.0,13485.0,13487.0,13641.0,13052.0,14185.0,14430.0,19542.0,19203.0,20090.0,25609.0
atg,6749.0,7117.0,7595.0,8324.0,8352.0,8650.0,9145.0,11755.0,12505.0,13124.0,13616.0,13542.0,13956.0,12921.0,14400.0,14235.0,19521.0,19452.0,20095.0,25743.0
tgc,10548.0,11329.0,11789.0,12574.0,12915.0,12850.0,14588.0,18137.0,19872.0,20514.0,20634.0,21310.0,21204.0,21545.0,22196.0,22077.0,30753.0,30970.0,31604.0,39493.0
gct,9425.0,10014.0,10365.0,10861.0,11290.0,11450.0,13026.0,15818.0,17465.0,18328.0,18394.0,18857.0,18878.0,19280.0,19987.0,19722.0,27052.0,27605.0,27902.0,35149.0
tta,2155.0,2332.0,2543.0,2645.0,2808.0,2780.0,2792.0,3694.0,3899.0,4258.0,4483.0,4378.0,4354.0,3847.0,4532.0,4520.0,5992.0,5864.0,6147.0,7994.0
tct,6557.0,6699.0,7384.0,7637.0,8126.0,8094.0,8445.0,10961.0,11540.0,12559.0,12886.0,12736.0,13002.0,12010.0,13473.0,13480.0,18047.0,17693.0,18797.0,23700.0
ttg,6727.0,7188.0,7665.0,7935.0,8421.0,8632.0,9160.0,11858.0,12216.0,13146.0,13366.0,13428.0,13693.0,12907.0,14288.0,14086.0,19081.0,18994.0,19933.0,25388.0
tgt,5833.0,6414.0,6876.0,7308.0,7493.0,7658.0,8342.0,10424.0,11083.0,11837.0,11893.0,11742.0,12178.0,11698.0,12238.0,12207.0,16803.0,17270.0,17739.0,22582.0
cgg,7395.0,7972.0,7833.0,8693.0,9210.0,9011.0,10281.0,13048.0,15088.0,15240.0,14612.0,15037.0,15295.0,15756.0,15660.0,16003.0,22245.0,22476.0,22659.0,28310.0
ggg,4577.0,5087.0,4835.0,5470.0,5754.0,5839.0,6132.0,8102.0,9269.0,9086.0,9115.0,9295.0,9315.0,9764.0,9875.0,10052.0,13736.0,13527.0,14069.0,17670.0
gga,7005.0,7526.0,7679.0,8384.0,8519.0,8694.0,9422.0,12301.0,13353.0,13507.0,13894.0,14179.0,14177.0,13790.0,14913.0,15205.0,19878.0,20330.0,20800.0,26518.0
gaa,8042.0,8929.0,9293.0,9987.0,10293.0,10584.0,11175.0,14158.0,15393.0,15893.0,16630.0,16493.0,16677.0,15583.0,17379.0,17497.0,23567.0,23479.0,24159.0,31318.0
aat,4461.0,4656.0,5065.0,5362.0,5655.0,5753.0,5824.0,7546.0,7940.0,8481.0,9139.0,8794.0,8991.0,7976.0,9135.0,8954.0,12402.0,12004.0,12783.0,16691.0
taa,2008.0,2374.0,2552.0,2708.0,2797.0,2811.0,2809.0,3653.0,3990.0,4207.0,4450.0,4069.0,4305.0,3915.0,4440.0,4408.0,5959.0,5850.0,6247.0,8231.0
tga,6227.0,6642.0,7257.0,7652.0,7893.0,8100.0,8422.0,10872.0,11692.0,12151.0,12631.0,12598.0,12700.0,12189.0,13298.0,13287.0,17953.0,17898.0,18661.0,23657.0
gac,6697.0,7143.0,7599.0,8090.0,8199.0,8190.0,9304.0,11585.0,12942.0,13291.0,13244.0,13632.0,13610.0,13568.0,14101.0,14459.0,19331.0,20067.0,20219.0,25646.0
acc,5618.0,6131.0,6673.0,6908.0,6918.0,7270.0,7960.0,9827.0,10948.0,11080.0,11357.0,11543.0,11613.0,11425.0,12100.0,12351.0,16557.0,17434.0,17650.0,21705.0
cgt,8086.0,8683.0,9378.0,9671.0,9931.0,9909.0,11387.0,14114.0,15987.0,16411.0,16198.0,16341.0,16690.0,16475.0,17276.0,17264.0,23680.0,24598.0,25110.0,31457.0
gtt,6283.0,6761.0,7306.0,7608.0,8006.0,8080.0,8686.0,11164.0,12074.0,12531.0,12754.0,12747.0,12983.0,12298.0,13716.0,13525.0,18369.0,18268.0,19268.0,24257.0
tgg,6844.0,7406.0,7510.0,8095.0,8329.0,8550.0,9312.0,12242.0,13066.0,13373.0,13439.0,13767.0,13957.0,13716.0,15145.0,14830.0,19885.0,20165.0,20861.0,26017.0
ggc,7153.0,7701.0,7506.0,8297.0,8967.0,8582.0,9818.0,12562.0,14290.0,14388.0,13996.0,14294.0,14418.0,15253.0,15210.0,15220.0,21428.0,21506.0,21649.0,27164.0
gtg,6967.0,7765.0,8096.0,8674.0,8745.0,8826.0,9956.0,12530.0,13882.0,14127.0,13878.0,14277.0,14379.0,14664.0,15100.0,15078.0,20563.0,21216.0,21766.0,27038.0
tag,3061.0,3352.0,3589.0,3720.0,3848.0,3927.0,4477.0,5365.0,5531.0,5990.0,6206.0,6112.0,6195.0,6077.0,6465.0,6422.0,8738.0,8772.0,9066.0,11275.0
agg,5428.0,6062.0,6185.0,6580.0,6869.0,6919.0,7681.0,9713.0,10621.0,10702.0,10941.0,11170.0,10982.0,11299.0,11613.0,11736.0,15950.0,16008.0,16450.0,20764.0
cag,9114.0,9572.0,10178.0,11015.0,11005.0,11180.0,12395.0,15336.0,16827.0,17646.0,18065.0,18435.0,17862.0,18731.0,18805.0,19114.0,25941.0,26969.0,27203.0,34034.0
gag,7774.0,8547.0,8798.0,9487.0,9738.0,9847.0,10808.0,13611.0,14937.0,15363.0,15795.0,15953.0,15841.0,16112.0,16883.0,16840.0,22511.0,22888.0,23589.0,29937.0
agc,9283.0,9891.0,10506.0,11193.0,11308.0,11513.0,13038.0,15877.0,17207.0,18540.0,18926.0,19215.0,18530.0,19423.0,19732.0,19736.0,26822.0,27994.0,28226.0,34979.0
ctg,9009.0,9721.0,10076.0,10696.0,11112.0,11050.0,12403.0,15532.0,17110.0,17478.0,17737.0,18170.0,18011.0,18656.0,19089.0,19002.0,26229.0,26641.0,27071.0,33580.0
gca,10614.0,11310.0,11746.0,12821.0,12817.0,12902.0,14466.0,18242.0,19677.0,20513.0,20825.0,21556.0,20842.0,21826.0,21947.0,22308.0,30336.0,31811.0,31825.0,40062.0
ccg,7309.0,8030.0,8181.0,8671.0,9044.0,8954.0,10203.0,12871.0,14821.0,14720.0,14612.0,15112.0,15379.0,15551.0,15804.0,16055.0,21996.0,23029.0,22829.0,28464.0
ggt,5508.0,6212.0,6342.0,6686.0,6921.0,7203.0,8033.0,10139.0,11131.0,11419.0,11101.0,11500.0,11638.0,11727.0,12294.0,12143.0,16773.0,16812.0,17520.0,21408.0
cac,7025.0,7604.0,8148.0,8808.0,8641.0,9045.0,9846.0,12140.0,14113.0,13936.0,14166.0,14350.0,14368.0,14692.0,14922.0,15191.0,20677.0,21820.0,21712.0,27318.0
acg,8058.0,8706.0,9208.0,9791.0,9910.0,10164.0,11506.0,14297.0,16032.0,16488.0,16170.0,16477.0,16815.0,16543.0,17298.0,17636.0,23842.0,24902.0,24981.0,31714.0
gta,4469.0,4852.0,5334.0,5595.0,5620.0,5791.0,6548.0,8062.0,8692.0,9173.0,9190.0,8969.0,9514.0,9156.0,9495.0,9694.0,12962.0,13437.0,13697.0,17429.0
aaa,6273.0,7236.0,7474.0,8065.0,8554.0,8864.0,8769.0,11307.0,12252.0,12885.0,13367.0,12877.0,13434.0,11900.0,14114.0,14326.0,18509.0,18318.0,19261.0,24952.0
gcc,7064.0,7717.0,7729.0,8409.0,8756.0,8679.0,9871.0,12328.0,14208.0,14315.0,14183.0,14361.0,14531.0,15106.0,15276.0,15417.0,21000.0,21852.0,21788.0,26999.0
aga,6247.0,6975.0,7307.0,8029.0,8050.0,8228.0,8729.0,11007.0,11857.0,12282.0,13131.0,12662.0,12762.0,12564.0,13487.0,13523.0,17942.0,18063.0,18852.0,24436.0
cgn,,,,,1.0,,,,,,,,,,,,,,,
gna,,,,,1.0,,,,,,,,,,,,,,,
nac,,,,,1.0,,,,,,,,,,,,,,,
tcn,,,,,,,,,,,,,,1.0,,,,,,
cnc,,,,,,,,,,,,,,1.0,,,,,,
nct,,,,,,,,,,,,,,1.0,,,,,,
